{
    "loss": 0.5919796228408813,
    "accuracy": 0.8776978254318237
}