{
    "loss": 1.732003092765808,
    "accuracy": 0.9568345546722412
}